id;numero;data;observacao_geral;observacao_interna;tipo_documento_id
1;cultivate harness Home Loan Account;2019-12-11T18:58:44;../fake-data/blob/hipster.txt;../fake-data/blob/hipster.txt;1
2;Wells;2019-12-11T23:32:21;../fake-data/blob/hipster.txt;../fake-data/blob/hipster.txt;2
3;Borders SAS Road;2019-12-11T11:36:52;../fake-data/blob/hipster.txt;../fake-data/blob/hipster.txt;3
4;Avon Division;2019-12-11T14:11:05;../fake-data/blob/hipster.txt;../fake-data/blob/hipster.txt;4
5;cross-platform PCI Tasty;2019-12-11T11:58:18;../fake-data/blob/hipster.txt;../fake-data/blob/hipster.txt;5
6;payment;2019-12-12T08:52:02;../fake-data/blob/hipster.txt;../fake-data/blob/hipster.txt;6
7;payment Technician Gorgeous Rubber Keyboard;2019-12-11T16:13:32;../fake-data/blob/hipster.txt;../fake-data/blob/hipster.txt;7
8;multi-byte initiatives;2019-12-12T05:16:21;../fake-data/blob/hipster.txt;../fake-data/blob/hipster.txt;8
9;Practical Rubber Chicken Street Directives;2019-12-12T08:43:05;../fake-data/blob/hipster.txt;../fake-data/blob/hipster.txt;9
10;Somoni;2019-12-12T09:34:24;../fake-data/blob/hipster.txt;../fake-data/blob/hipster.txt;10
