id;estado;data;motivo_alteracao_documento;origem_documento;hash;hash_control
1;primary eyeballs;2019-12-12T06:08:16;Loop;value-added;Rustic;Granite Strategist
2;Chips Cotton Home;2019-12-12T06:26:20;pink withdrawal white;Fresh;viral;Quetzal Tasty Concrete Mouse
3;Corporate navigate Refined;2019-12-11T10:29:29;asymmetric;Buckinghamshire;hard drive;back-end Granite
4;haptic budgetary management;2019-12-12T02:41:32;Home Shoes;Practical Way Graphic Interface;protocol full-range bleeding-edge;array
5;Norway Consultant;2019-12-11T18:13:55;orange Awesome Wooden Pizza Wyoming;Chief implement sky blue;Run withdrawal;Buckinghamshire quantifying
6;Fresh redundant;2019-12-12T07:12:54;Tenge;generate Fresh;Chief;Hat Oregon Montana
7;THX architect;2019-12-11T10:53:14;Identity calculate;Wooden;CSS Ball;tan Shirt programming
8;Personal Loan Account;2019-12-11T20:20:03;New Hampshire enable cross-platform;solid state;Senior efficient;generating cross-platform Chips
9;Electronics Down-sized Tajikistan;2019-12-11T21:38:45;Indiana;Kids HDD auxiliary;unleash Decentralized;Oval
10;blue human-resource;2019-12-12T04:28:58;Program Response Savings Account;Seamless Customer Avenue;input Swiss Franc;Buckinghamshire convergence
