id;tipo_pessoa;nome;nif;imagem;imagem_content_type
1;Officer Quality-focused invoice;Identity Lek Bedfordshire;transmitting COM;../fake-data/blob/hipster.png;image/png
2;Music Data East Caribbean Dollar;Savings Account Branding navigating;payment Incredible deposit;../fake-data/blob/hipster.png;image/png
3;Checking Account utilisation AI;USB primary Iowa;Refined withdrawal copy;../fake-data/blob/hipster.png;image/png
4;Kuwaiti Dinar solid state program;help-desk SAS embrace;Nigeria;../fake-data/blob/hipster.png;image/png
5;firmware;seamless mesh;disintermediate Jordan Savings Account;../fake-data/blob/hipster.png;image/png
6;deploy Advanced;New Mexico;Pakistan Rupee;../fake-data/blob/hipster.png;image/png
7;connect Berkshire;XSS Suriname;Lead cross-platform;../fake-data/blob/hipster.png;image/png
8;enable;Moldova Operative;Investment Account generate;../fake-data/blob/hipster.png;image/png
9;synthesize capacitor Andorra;violet Outdoors deposit;Functionality invoice streamline;../fake-data/blob/hipster.png;image/png
10;Applications;yellow Shoes;Open-source multi-tasking;../fake-data/blob/hipster.png;image/png
