id;nome;descricao
1;Customer-focused SCSI;../fake-data/blob/hipster.txt
2;Chicken migration dynamic;../fake-data/blob/hipster.txt
3;quantifying Buckinghamshire Gorgeous Plastic Soap;../fake-data/blob/hipster.txt
4;Texas parsing Investor;../fake-data/blob/hipster.txt
5;Progressive;../fake-data/blob/hipster.txt
6;Intelligent Rubber Chair;../fake-data/blob/hipster.txt
7;envisioneer;../fake-data/blob/hipster.txt
8;best-of-breed;../fake-data/blob/hipster.txt
9;Tactics mindshare;../fake-data/blob/hipster.txt
10;maximize Gorgeous Soft Pants asymmetric;../fake-data/blob/hipster.txt
