id;numero;data;observacao_geral;observacao_interna;cliente_id;tipo_documento_id
1;matrix Accounts;2019-12-12T01:09:12;../fake-data/blob/hipster.txt;../fake-data/blob/hipster.txt;1;1
2;transmitter Drive;2019-12-11T17:59:14;../fake-data/blob/hipster.txt;../fake-data/blob/hipster.txt;2;2
3;override;2019-12-12T09:04:54;../fake-data/blob/hipster.txt;../fake-data/blob/hipster.txt;3;3
4;payment Polarised;2019-12-11T18:05:31;../fake-data/blob/hipster.txt;../fake-data/blob/hipster.txt;4;4
5;Mission generate Steel;2019-12-11T19:08:28;../fake-data/blob/hipster.txt;../fake-data/blob/hipster.txt;5;5
6;intermediate;2019-12-11T13:42:05;../fake-data/blob/hipster.txt;../fake-data/blob/hipster.txt;6;6
7;Configuration Officer;2019-12-11T15:04:07;../fake-data/blob/hipster.txt;../fake-data/blob/hipster.txt;7;7
8;connect;2019-12-12T05:00:02;../fake-data/blob/hipster.txt;../fake-data/blob/hipster.txt;8;8
9;proactive;2019-12-11T22:59:47;../fake-data/blob/hipster.txt;../fake-data/blob/hipster.txt;9;9
10;hack Investor black;2019-12-11T12:02:10;../fake-data/blob/hipster.txt;../fake-data/blob/hipster.txt;10;10
